epoch,acc,cat_acc,dice_coef,f1_m,iou_coef,jacard_coef,loss,my_mean_iou,precision_m,recall_m,subset_accuracy,val_acc,val_cat_acc,val_dice_coef,val_f1_m,val_iou_coef,val_jacard_coef,val_loss,val_my_mean_iou,val_precision_m,val_recall_m,val_subset_accuracy
0,0.5015695691108704,0.5015695691108704,0.4609244465827942,0.778998613357544,0.3565380573272705,1.0588994026184082,0.136931911110878,0.1152954027056694,0.642482340335846,2.2070953845977783,0.8782491087913513,0.5641350150108337,0.5641350150108337,0.5380094051361084,0.836974561214447,0.43041542172431946,0.913973867893219,0.1345827728509903,0.15273967385292053,0.6634491682052612,2.243464469909668,0.8890995979309082
1,0.5990028381347656,0.5990028381347656,0.5509039163589478,0.9617147445678711,0.44314128160476685,0.8821868896484375,0.13180333375930786,0.19528460502624512,0.8175746202468872,2.2368528842926025,0.8991125226020813,0.5627115368843079,0.5627115368843079,0.5450537204742432,0.8215397000312805,0.4383333921432495,0.8998845219612122,0.13530302047729492,0.1468217521905899,0.6435898542404175,2.2470216751098633,0.8834492564201355
2,0.5940514206886292,0.5940514206886292,0.5579205751419067,0.9657713174819946,0.44902026653289795,0.8684231042861938,0.1315998136997223,0.19269298017024994,0.8138203024864197,2.2428531646728516,0.8994696736335754,0.5595062375068665,0.5595062375068665,0.5446979999542236,0.8143039345741272,0.43858715891838074,0.9005394577980042,0.13570821285247803,0.14295290410518646,0.634440004825592,2.2485616207122803,0.8814444541931152
