epoch,acc,cat_acc,dice_coef,f1_m,iou_coef,jacard_coef,loss,precision_m,recall_m,subset_accuracy,val_acc,val_cat_acc,val_dice_coef,val_f1_m,val_iou_coef,val_jacard_coef,val_loss,val_precision_m,val_recall_m,val_subset_accuracy
0,0.5561935,0.5561935,0.5175544,0.52392507,0.4081305,0.94760793,0.13440791074315023,0.6497806,0.47971663,0.88981956,0.6857503,0.6857503,0.6489326,0.6601129,0.54221797,0.6894067,0.12796433178278116,0.7759045,0.6089164,0.9165204
1,0.6584463,0.6584463,0.6172454,0.6142896,0.5116203,0.7517595,0.1288223988180302,0.8004063,0.5538789,0.91243815,0.6913354,0.6913354,0.6585476,0.6633761,0.5546935,0.670352,0.1284509230691653,0.7490381,0.6212238,0.91382307
2,0.66690373,0.66690373,0.6214981,0.6151991,0.51583105,0.7434298,0.1285837492352473,0.8084591,0.5543192,0.9131019,0.6908441,0.6908441,0.6607658,0.66465527,0.55722594,0.66596115,0.12852400432412442,0.7438525,0.6246278,0.91342694
