epoch,acc,cat_acc,dice_coef,f1_m,iou_coef,jacard_coef,loss,precision_m,recall_m,subset_accuracy,val_acc,val_cat_acc,val_dice_coef,val_f1_m,val_iou_coef,val_jacard_coef,val_loss,val_precision_m,val_recall_m,val_subset_accuracy
0,0.5620902,0.5620902,0.12635665,0.21602058,-0.0893471,9.287964,0.043137373991481875,0.7028771,0.14098586,0.84119785,0.6447781,0.6447781,0.033787098,0.49643415,-0.104955286,11.901825,0.08129969212907151,0.71670544,0.41957784,0.87937313
